cid,talk_id,premise
配表id,所属口上id,前提id
str,str,int
0,0,0
口上前提表,,
0,0,37
1,0,101
2,1,37
3,1,80
4,1,126
5,2,37
6,2,25
7,2,28
8,2,46
9,2,47
10,3,37
11,3,46
12,3,47
13,4,37
14,4,46
15,4,47
16,4,76
17,5,37
18,5,46
19,5,47
20,5,90
21,6,37
22,6,46
23,6,47
24,6,25
25,6,102
26,6,103
27,6,126
28,7,37
29,7,47
30,7,104
31,7,105
32,7,126
33,8,38
34,8,33
35,8,46
36,8,47
37,8,126
38,9,33
39,9,38
40,9,46
41,9,75
42,9,126
43,10,33
44,10,38
45,10,46
46,10,25
47,10,106
48,10,107
49,11,37
50,11,46
51,11,47
52,11,25
53,11,108
54,11,126
55,12,37
56,12,80
57,12,87
58,12,26
59,12,27
60,12,126
61,13,37
62,13,25
63,13,46
64,13,47
65,13,109
66,13,110
