cid,sex,age,sex_exp_tem,weight
模板id,性别类型,年龄段,性经验模板,权重
int,int,int,int,int
0,0,0,0,0
不同性别不同年龄段对应生成不同性经验模板的权重,,,,
0,0,7,0,90
1,0,7,1,6
2,0,7,2,3
3,0,7,3,1
4,0,12,0,90
5,0,12,1,6
6,0,12,2,3
7,0,12,3,1
8,0,17,0,90
9,0,17,1,6
10,0,17,2,3
11,0,17,3,1
12,0,22,0,90
13,0,22,1,6
14,0,22,2,3
15,0,22,3,1
16,0,27,0,90
17,0,27,1,6
18,0,27,2,3
19,0,27,3,1
20,0,32,0,90
21,0,32,1,6
22,0,32,2,3
23,0,32,3,1
24,0,37,0,90
25,0,37,1,6
26,0,37,2,3
27,0,37,3,1
28,0,42,0,90
29,0,42,1,6
30,0,42,2,3
31,0,42,3,1
32,1,7,0,94
33,1,7,1,3
34,1,7,2,2
35,1,7,3,1
36,1,12,0,91
37,1,12,1,4
38,1,12,2,3
39,1,12,3,2
40,1,17,0,88
41,1,17,1,5
42,1,17,2,4
43,1,17,3,3
44,1,22,0,85
45,1,22,1,6
46,1,22,2,5
47,1,22,3,4
48,1,27,0,79
49,1,27,1,10
50,1,27,2,7
51,1,27,3,4
52,1,32,0,61
53,1,32,1,20
54,1,32,2,14
55,1,32,3,5
56,1,37,0,22
57,1,37,1,40
58,1,37,2,28
59,1,37,3,10
60,1,42,0,5
61,1,42,1,45
62,1,42,2,35
63,1,42,3,15
64,1,47,0,1
65,1,47,1,29
66,1,47,2,50
67,1,47,3,20
68,1,52,0,1
69,1,52,1,9
70,1,52,2,65
71,1,52,3,25
72,1,57,0,1
73,1,57,1,4
74,1,57,2,55
75,1,57,3,40
76,1,62,0,1
77,1,62,1,1
78,1,62,2,49
79,1,62,3,49
