cid,behavior_id,effect_id
表id,行为id,结算器id
int,int,int
0,0,0
行为结算器配置,,
0,1,3
1,1,4
2,1,5
3,2,0
4,2,1
5,2,2
6,4,6
7,5,2
8,5,3
9,5,4
10,5,7
11,6,2
12,6,3
13,6,4
14,6,7
15,6,12
16,6,14
17,7,2
18,7,3
19,7,4
20,7,7
21,7,10
22,7,13
23,8,3
24,8,4
25,8,8
26,8,30
27,9,20
28,9,21
29,10,3
30,10,4
31,10,9
32,10,28
33,10,29
34,10,30
35,11,3
36,11,4
37,11,9
38,11,15
39,11,16
40,11,17
41,11,18
42,11,28
43,11,29
44,11,30
45,12,3
46,12,4
47,12,8
48,12,19
49,12,28
50,12,29
51,12,30
52,14,3
53,14,4
54,14,9
55,14,15
56,14,22
57,14,23
58,14,24
59,14,25
60,14,26
61,14,27
62,14,28
63,14,29
64,14,30
65,15,3
66,15,4
67,15,9
68,15,15
69,15,22
70,15,23
71,15,28
72,15,29
73,15,30
