cid,clothing_tem_type,clothing_type,clothing_tem,collocational,info
模板id,搭配所属服装种类,当前服装类型,当前服装种类,搭配限制0:不限制1:优先2:禁用3:仅穿或不穿4:必须5:必须为所有此项之一,备注
int,int,int,int,int,str
0,0,0,0,0,0
搭配模板,,,,,
0,0,6,93,1,肚兜
1,0,3,0,2,禁用
2,0,4,76,1,布鞋
3,0,4,69,1,木屐
4,0,5,80,1,云袜
5,0,1,0,2,禁用
6,1,6,93,1,肚兜
7,1,3,0,2,禁用
8,1,4,76,1,布鞋
9,1,4,69,1,木屐
10,1,5,80,1,云袜
11,1,1,0,2,禁用
12,2,6,93,1,肚兜
13,2,2,54,1,直筒裤
14,2,3,0,2,禁用
15,2,4,76,1,布鞋
16,2,5,80,1,云袜
17,2,1,0,2,禁用
18,8,6,93,1,肚兜
19,8,2,53,3,五分裤
20,8,2,44,3,三分裤
21,9,6,93,1,肚兜
22,9,2,53,3,五分裤
23,9,2,44,3,三分裤
24,9,4,69,1,木屐
25,9,4,76,1,布鞋
26,9,5,80,1,云袜
27,11,2,53,3,五分裤
28,11,2,44,3,三分裤
29,11,3,0,2,禁用
30,11,1,0,2,禁用
31,12,2,53,3,五分裤
32,12,2,44,3,三分裤
33,12,3,0,0,禁用
34,12,1,0,0,禁用
35,13,2,53,3,五分裤
36,13,2,44,3,三分裤
37,13,3,0,2,禁用
38,13,1,0,2,禁用
39,14,2,53,3,五分裤
40,14,2,44,3,三分裤
41,14,3,0,2,禁用
42,14,1,0,2,禁用
43,15,2,53,3,五分裤
44,15,2,44,3,三分裤
45,15,3,0,2,禁用
46,15,1,0,2,禁用
47,16,2,53,3,五分裤
48,16,2,44,3,三分裤
49,16,3,0,2,禁用
50,16,1,0,2,禁用
51,17,2,53,3,五分裤
52,17,2,44,3,三分裤
53,17,3,0,2,禁用
54,17,1,0,2,禁用
55,18,2,53,3,五分裤
56,18,2,44,3,三分裤
57,18,3,0,2,禁用
58,18,1,0,2,禁用
59,19,2,0,2,禁用
60,19,3,0,2,禁用
61,19,4,76,1,布鞋
62,19,5,84,4,足袋
63,20,2,0,2,禁用
64,20,3,0,2,禁用
65,20,4,76,1,布鞋
66,20,5,84,4,足袋
67,21,2,0,2,禁用
68,21,3,0,2,禁用
69,21,4,76,1,布鞋
70,21,5,84,4,足袋
71,22,2,0,2,禁用
72,22,3,0,2,禁用
73,22,4,76,1,布鞋
74,22,5,84,4,足袋
75,23,2,0,2,禁用
76,23,3,0,2,禁用
77,23,4,76,1,布鞋
78,23,5,84,4,足袋
79,24,2,0,2,禁用
80,24,3,0,2,禁用
81,24,4,76,1,布鞋
82,24,5,84,4,足袋
83,25,2,0,2,禁用
84,25,3,0,2,禁用
85,25,4,69,4,木屐
86,25,4,72,4,切尔西靴
87,25,5,84,1,足袋
88,29,6,0,2,禁用
89,29,2,0,2,禁用
90,29,3,0,2,禁用
91,29,4,69,1,木屐
92,29,5,0,2,禁用
93,29,1,0,2,禁用
94,30,2,0,2,禁用
95,30,3,0,2,禁用
96,30,4,76,1,布鞋
97,30,5,84,4,足袋
98,31,2,0,2,禁用
99,31,3,0,2,禁用
100,31,4,76,1,布鞋
101,31,5,84,4,足袋
102,32,2,0,2,禁用
103,32,3,0,2,禁用
104,33,1,0,2,禁用
105,33,2,0,2,禁用
106,33,3,0,2,禁用
107,33,4,0,2,禁用
108,33,5,0,2,禁用
109,33,6,0,2,禁用
110,33,7,0,2,禁用
111,34,1,0,2,禁用
112,34,2,0,2,禁用
113,34,3,0,2,禁用
114,34,4,0,2,禁用
115,34,5,0,2,禁用
116,34,6,0,2,禁用
117,34,7,99,4,女式三角泳裤
118,34,7,100,4,女式四角泳裤
119,69,0,0,4,深衣
120,69,0,1,4,直缀
121,69,0,9,4,襦裙
122,69,0,19,4,小纹和服
123,69,0,20,4,色无地
124,69,0,21,4,付下和服
125,69,0,22,4,访问和服
126,69,0,23,4,振袖和服
127,69,0,24,4,留袖和服
128,69,0,25,4,袴
129,69,0,29,4,和式浴衣
130,69,0,30,4,白无垢
131,69,0,31,4,和式丧服
132,84,4,69,4,木屐
133,91,0,0,2,禁用
134,91,1,0,2,禁用
135,91,2,0,2,禁用
136,91,3,0,2,禁用
137,91,4,0,2,禁用
138,91,5,0,2,禁用
139,91,7,99,4,女式三角泳裤
140,91,7,100,4,女式四角泳裤
141,94,0,0,2,禁用
142,94,1,0,2,禁用
143,94,2,0,2,禁用
144,94,3,0,2,禁用
145,94,4,0,2,禁用
146,94,5,0,2,禁用
147,94,6,0,2,禁用
148,95,0,0,2,禁用
149,95,1,0,2,禁用
150,95,2,0,2,禁用
151,95,3,0,2,禁用
152,95,4,0,2,禁用
153,95,5,0,2,禁用
154,95,6,0,2,禁用
155,99,0,34,4,筒式泳装
156,99,1,0,2,禁用
157,99,2,0,2,禁用
158,99,3,0,2,禁用
159,99,4,0,2,禁用
160,99,5,0,2,禁用
161,99,6,91,5,三点式泳衣
162,100,0,34,4,筒式泳装
163,100,1,0,2,禁用
164,100,2,0,2,禁用
165,100,3,0,2,禁用
166,100,4,0,2,禁用
167,100,5,0,2,禁用
168,100,6,91,5,三点式泳衣
