cid,course,skill_type,skill,experience
配置id,课程类型,技能类型0:知识1语言,技能id,经验
int,int,int,int,float
0,0,0,0,0
课程获取技能经验配置,,,,
0,0,0,0,0.125
1,0,0,1,0.125
2,0,0,2,0.625
3,0,0,3,0.375
4,0,0,4,0.25
5,0,0,5,0.125
6,0,0,7,0.125
7,0,0,12,0.25
8,0,0,28,0.375
9,0,0,68,0.375
10,0,1,0,0.625
11,0,1,10,0.25
12,1,0,26,0.125
13,1,0,29,0.375
14,1,0,47,0.125
15,1,0,49,0.375
16,1,0,52,0.625
17,2,0,2,0.625
18,2,0,3,0.375
19,2,0,12,0.25
20,2,0,28,0.375
21,2,0,30,0.125
22,2,0,68,0.375
23,2,1,1,0.625
24,3,0,10,0.625
25,3,0,26,0.375
26,3,0,27,0.125
27,3,0,46,0.25
28,3,0,48,0.625
29,3,0,49,0.125
30,3,0,52,0.25
31,4,0,5,0.25
32,4,0,7,0.065
33,4,0,11,0.1
33,4,0,13,0.625
34,5,0,5,0.25
35,5,0,6,0.25
36,5,0,11,0.125
37,5,0,12,0.125
38,5,0,15,0.625
39,5,0,16,0.375
40,5,0,18,0.115
41,5,0,25,0.375
42,5,0,30,0.115
43,5,1,0,0.115
44,5,1,10,0.115
45,6,0,11,0.125
46,6,0,18,0.125
47,6,0,20,0.125
48,6,0,21,0.125
49,6,0,23,0.125
50,6,0,31,0.625
51,6,0,32,0.125
52,6,0,33,0.125
53,6,0,34,0.125
54,6,0,35,0.125
55,6,0,37,0.125
56,6,0,38,0.125
57,6,0,51,0.125
58,7,0,0,0.325
59,7,0,1,0.325
60,7,0,2,0.065
61,7,0,4,0.065
62,7,0,7,0.125
63,7,0,8,0.125
64,7,0,11,0.2
65,7,0,12,0.2
66,7,0,28,0.2
67,7,0,30,0.325
68,7,0,67,0.325
69,8,0,0,0.125
70,8,0,9,0.325
71,8,0,23,0.325
72,8,0,24,0.325
73,8,0,31,0.125
74,8,0,51,0.125
75,8,0,58,0.125
76,8,0,60,0.125
77,8,0,61,0.125
78,8,0,62,0.125
79,8,0,63,0.125
80,8,0,64,0.125
81,8,0,65,0.125
82,9,0,7,0.065
83,9,0,9,0.065
84,9,0,13,0.065
85,9,0,14,0.065
86,9,0,50,0.125
87,9,0,51,0.125
88,9,0,53,0.125
89,9,0,54,0.125
90,9,0,55,0.125
91,9,0,56,0.125
92,9,0,57,0.125
93,9,0,58,0.125
94,9,0,59,0.125
95,9,0,60,0.125
96,9,0,61,0.125
97,9,0,62,0.125
98,9,0,63,0.125
99,9,0,64,0.125
100,9,0,65,0.125
101,9,0,66,0.125
102,9,0,75,0.065
103,10,0,0,0.25
104,10,0,1,0.25
105,10,0,2,0.125
106,10,0,4,0.125
107,10,0,5,0.125
108,10,0,7,0.065
109,10,0,8,0.065
110,10,0,67,0.325
111,11,0,0,0.125
112,11,0,1,0.125
113,11,0,3,0.125
114,11,0,4,0.625
115,11,0,7,0.125
116,11,0,8,0.125
117,11,0,30,0.225
118,11,0,67,0.225
119,12,0,0,0.125
120,12,0,1,0.125
121,12,0,9,0.225
122,12,0,23,0.225
123,12,0,24,0.225
124,12,0,51,0.625
125,12,0,57,0.325
126,12,0,58,0.325
127,12,0,59,0.325
128,12,0,60,0.325
129,12,0,61,0.325
130,12,0,62,0.325
131,12,0,63,0.325
132,12,0,64,0.325
133,12,0,65,0.325
134,13,0,4,0.065
135,13,0,7,0.065
136,13,0,14,0.125
137,13,0,53,0.125
138,13,0,54,0.065
139,13,0,55,0.625
140,13,0,56,0.325
141,13,0,66,0.325
142,14,0,10,0.125
143,14,0,26,0.125
144,14,0,50,0.225
145,14,0,52,0.325
146,14,0,53,0.325
147,14,0,54,0.625
148,14,0,55,0.125
149,14,0,56,0.125
150,14,0,66,0.325
151,14,0,69,0.065
152,14,0,75,0.065
153,15,0,23,0.125
154,15,0,26,0.125
155,15,0,52,0.125
156,15,0,50,0.625
157,15,0,65,0.325
158,15,0,69,0.065
159,16,0,5,0.325
160,16,0,6,0.125
161,16,0,11,0.225
162,16,0,18,0.625
163,16,0,30,0.125
164,16,0,31,0.125
165,17,0,21,0.625
166,17,0,31,0.125
