cid,food_id,feel_id,feel_value
表id,所属食材id,效果id,效果数值
int,int,int,float
0,0,0,0
食材效果配置数据,,,
0,0,27,0.52
1,0,28,0.84
2,1,27,0.44
3,1,28,0.7
4,2,27,0.5
5,2,28,0.88
6,3,27,0.48
7,3,28,0.88
8,4,27,0.48
9,4,28,0.87
10,5,27,0.38
11,5,28,0.89
12,6,27,0.61
13,6,28,0.5
14,7,27,2.78
15,7,28,0.66
16,9,27,0.3
17,9,28,0.9
18,10,27,2.66
19,11,27,0.14
20,11,28,0.95
21,12,27,0.15
22,12,28,0.96
23,13,27,0.17
24,13,28,0.95
25,14,27,0.2
26,14,28,0.95
27,15,27,0.18
28,15,28,0.94
29,16,27,5.2
30,16,28,0.15
31,17,27,0.31
32,18,27,1.24
33,19,27,3.16
34,20,8,5
35,21,27,2.12
36,22,28,8.84
37,23,27,3.61
38,24,27,0.35
39,24,28,0.51
40,25,27,3.89
41,26,27,4.57
42,26,28,0.73
43,27,27,0.26
44,27,28,0.85
45,28,27,0.98
46,28,28,0.85
47,29,27,0.23
48,29,28,0.74
49,30,27,0.23
50,30,28,0.74
51,31,27,3.66
52,32,26,12
53,32,27,0.01
54,32,28,0.88
55,33,27,0.31
56,33,28,0.94
57,34,28,1
58,35,27,0.26
59,35,28,0.99
60,36,27,8.98
61,36,28,0.08
62,37,27,3.5
63,38,27,0.19
64,38,28,2
65,39,27,2.71
66,39,28,0.77
67,40,27,0.41
68,40,28,0.88
69,41,27,0.12
70,41,28,0.9
71,42,27,8.97
72,43,27,3.97
73,44,27,1.88
74,44,28,0.76
75,45,27,1.88
76,45,28,0.76
77,46,27,2.4
78,46,28,0.8
79,47,27,2.4
80,47,28,0.8
81,48,27,2.4
81,48,28,0.8
82,49,27,1.26
83,49,28,0.58
84,50,27,1.95
85,51,27,2.05
86,51,28,0.08
87,52,27,1.99
88,52,28,0.15
89,53,27,0.73
90,53,28,0.87
91,54,27,3.66
92,55,27,1.47
93,55,28,0.8
94,56,27,1.16
95,57,27,3.21
96,58,27,1.14
97,59,27,0.5
98,59,28,0.87
99,60,27,8.88
100,61,27,8.88
101,62,27,1.16
102,62,28,0.5
103,63,27,0.38
104,63,28,0.9
105,64,27,5.31
106,64,28,0.07
