cid,school,phase,course
配表id,学校id,年级,课程id
int,int,int,int
0,0,0,0
各学校各年级教学科目配置,,,
0,0,0,0
1,0,0,1
2,0,0,5
3,0,0,10
4,0,1,0
5,0,1,1
6,0,1,4
7,0,1,5
8,0,1,10
9,0,2,0
10,0,2,1
11,0,2,2
12,0,2,3
13,0,2,4
14,0,2,5
15,0,2,6
16,0,2,7
17,0,2,9
18,0,2,16
19,0,2,17
20,0,3,0
21,0,3,1
22,0,3,2
23,0,3,3
24,0,3,4
25,0,3,5
26,0,3,6
27,0,3,7
28,0,3,8
29,0,3,16
30,0,3,17
31,0,4,0
32,0,4,1
33,0,4,2
34,0,4,3
35,0,4,6
36,0,4,7
37,0,4,8
38,0,4,16
39,0,4,17
40,0,5,0
41,0,5,1
42,0,5,2
43,0,5,6
44,0,5,7
45,0,5,16
46,0,5,17
47,1,0,0
48,1,0,1
49,1,0,2
50,1,0,3
51,1,0,4
52,1,0,5
53,1,0,6
54,1,0,7
55,1,0,8
56,1,0,10
57,1,0,11
58,1,0,12
59,1,0,13
60,1,0,16
61,1,0,17
62,1,1,0
63,1,1,1
64,1,1,2
65,1,1,3
66,1,1,4
67,1,1,5
68,1,1,6
69,1,1,7
70,1,1,8
71,1,1,10
72,1,1,11
73,1,1,12
74,1,1,13
75,1,1,14
76,1,1,15
77,1,1,16
78,1,1,17
79,1,2,0
80,1,2,1
81,1,2,2
82,1,2,3
83,1,2,6
84,1,2,14
85,1,2,15
86,1,2,16
87,1,2,17
88,2,0,0
89,2,0,1
90,2,0,2
91,2,0,3
92,2,0,4
93,2,0,5
94,2,0,6
95,2,0,7
96,2,0,8
97,2,0,11
98,2,0,12
99,2,0,13
100,2,0,14
101,2,0,15
102,2,0,16
103,2,0,17
104,2,1,0
105,2,1,1
106,2,1,2
107,2,1,3
108,2,1,4
109,2,1,5
110,2,1,6
111,2,1,7
112,2,1,8
113,2,1,11
114,2,1,12
115,2,1,13
116,2,1,14
117,2,1,15
118,2,1,16
119,2,1,17
120,2,2,0
121,2,2,1
122,2,2,2
123,2,2,3
124,2,2,4
125,2,2,5
126,2,2,6
127,2,2,7
128,2,2,8
129,2,2,11
130,2,2,12
131,2,2,13
132,2,2,14
133,2,2,15
134,2,2,16
135,2,2,17
