cid,school_id,session,start_time,end_time
配表id,学校id,当天课时编号,开始时间,结束时间
int,int,int,int,int
0,0,0,0,0
各学校上课时间配置,,,,
0,0,0,730,800
1,0,1,810,855
2,0,2,905,950
3,0,3,1020,1105
4,0,4,1115,1200
5,0,5,1430,1515
6,0,6,1525,1605
7,0,7,1615,1700
8,1,0,730,800
9,1,1,810,855
10,1,2,905,950
11,1,3,1020,1105
12,1,4,1115,1200
13,1,5,1430,1515
14,1,6,1525,1605
15,1,7,1615,1700
16,1,8,1900,2000
17,2,0,730,800
18,2,1,810,855
19,2,2,905,950
20,2,3,1020,1105
21,2,4,1115,1200
22,2,5,1430,1515
23,2,6,1525,1605
24,2,7,1615,1700
25,2,8,1900,2000
26,2,9,2010,2110
